{
  "project_info": {
    "project_number": "246137343349",
    "project_id": "login-7033d",
    "storage_bucket": "login-7033d.appspot.com"
  },
  "client": [
    {
      "client_info": {
        "mobilesdk_app_id": "1:246137343349:android:b7dd26db96b43f024b573c",
        "android_client_info": {
          "package_name": "ncku.geomatics.login"
        }
      },
      "oauth_client": [
        {
          "client_id": "246137343349-j0jqhdaampe0rsc2irf0j8g06jlq2uhi.apps.googleusercontent.com",
          "client_type": 1,
          "android_info": {
            "package_name": "ncku.geomatics.login",
            "certificate_hash": "4e1cc560789755ddc82d269f9266c6ecd2b68d91"
          }
        },
        {
          "client_id": "246137343349-c427cj8rc3u24hhvtesa3g04riqo96ug.apps.googleusercontent.com",
          "client_type": 3
        }
      ],
      "api_key": [
        {
          "current_key": "AIzaSyDjRL19tk6QCPG8bvpR8h9sZtHl57AMwQc"
        }
      ],
      "services": {
        "appinvite_service": {
          "other_platform_oauth_client": [
            {
              "client_id": "246137343349-c427cj8rc3u24hhvtesa3g04riqo96ug.apps.googleusercontent.com",
              "client_type": 3
            }
          ]
        }
      }
    }
  ],
  "configuration_version": "1"
}